reservation_id,room_id,check_in_date,check_out_date
1,1,2019-03-10,2019-03-15
2,2,2019-03-10,2019-03-15
3,3,2019-03-10,2019-03-15
4,4,2019-03-10,2019-03-15
5,5,2019-03-10,2019-03-15
6,6,2019-03-10,2019-03-15
7,7,2019-03-10,2019-03-15
8,8,2019-03-10,2019-03-15
9,9,2019-03-10,2019-03-15
10,10,2019-03-10,2019-03-15
11,11,2019-03-10,2019-03-15
12,12,2019-03-10,2019-03-15
13,13,2019-03-10,2019-03-15
14,14,2019-03-10,2019-03-15
15,15,2019-03-10,2019-03-15
16,16,2019-03-10,2019-03-15
17,17,2019-03-10,2019-03-15
18,18,2019-03-10,2019-03-15
19,19,2019-03-10,2019-03-15
20,20,2019-03-10,2019-03-15
